,0,1,2,3,4,5,6,7,8,9,10,11,12,13,14,15,16,17,18,19,20,21,22,23,24,25,26,27,28,29,30,31,32,33,34,35,36,37,38,39,40,41,42,43,44,45
0,https://baotintuc.vn//the-gioi/nga-va-iran-mo-rong-hop-tac-trong-nhieu-linh-vuc-20220526061906945.htm,Nga và Iran mở rộng hợp tác trong nhiều lĩnh vực,"Nhân dịp Phó Thủ tướng Nga Alexander Novak thăm Tehran, Nga và Iran đang tìm cách mở rộng hoạt động hợp tác trên các lĩnh vực thương mại và năng lượng.",https://cdnmedia.baotintuc.vn/Upload/a7srThwxbojBCucvUWgnxA/files/2022/05/26/pho-thu-tuong-nga-26052022.jpg,"Ngày 25/5, Phó Thủ tướng Alexander Novak cho rằng cả hai nước đều có trữ lượng dầu khí khổng lồ nhưng hoạt động xuất khẩu các mặt hàng này bị hạn chế do lệnh cấm vận của phương Tây.","Trả lời truyền hình Iran, Phó Thủ tướng Alexander Novak cho biết: ""Iran có thể trở thành một điểm trung chuyển chiến lược cho vận tải và logistic, qua đó bảo đảm lưu thông dòng chảy của hàng hóa"".","Cùng ngày, hãng thông tấn Shana dẫn lời Bộ trưởng Dầu mỏ Iran Javad Owji cho biết: ""Iran và Nga đều đối mặt với các lệnh cấm vận có thể khắc phục thông qua việc cùng nhau hợp tác và thúc đẩy quan hệ trên nhiều lĩnh vực"". Cũng theo ông Owji, hai bên có tiềm năng hợp tác về năng lượng, ngân hàng, vận tải, nông nghiệp, năng lượng hạt nhân, công nghiệp, thương mại và ""hai nước có kế hoạch tăng cường quan hệ thương mại trên các lĩnh vực này lên 40 tỉ USD/năm"". Nga và Iran cũng đạt thoả thuận chuyển sang sử dụng đồng nội tệ của hai nước này càng nhiều càng tốt.","Thời gian qua, Tehran và Moskva thắt chặt quan hệ song phương trong nhiều lĩnh vực như chính trị, kinh tế và quân sự. Tổng thống Iran Ebrahim Raisi thăm Nga hồi tháng 1/2022 và chuyển cho Tổng thống Vladimir Putin bản dự thảo hợp tác chiến lược nhằm củng cố quan hệ song phương trong vòng 2 thập kỷ tới.",,,,,,,,,,,,,,,,,,,,,,,,,,,,,,,,,,,,,,
1,https://baotintuc.vn//the-gioi/covid19-toi-6h-sang-265-trieu-tien-ca-mac-moi-dung-dau-the-gioi-nguy-co-mau-dong-trong-phoi-sau-nhiem-20220525224912920.htm,COVID-19 tới 6h sáng 26/5: Triều Tiên ca mắc mới đứng đầu thế giới; Nguy cơ máu đông trong phổi sau nhiễm,"Trong 24 giờ qua, thế giới ghi nhận trên 527.000 ca mắc và 1.259 ca tử vong. Triều Tiên dẫn đầu thế giới về ca nhiễm mới, trong khi CDC Mỹ cho biết những người từng mắc COVID-19 có nguy cơ hình thành các cục máu đông trong phổi cao gấp đôi so với những người chưa từng mắc.",https://cdnmedia.baotintuc.vn/Upload/0gYjdiNY41wQIbPeRYyPvA/files/2022/05/covid-2605/trieu-tien-covid.jpeg,"Theo trang thống kê worldometer.info, tính đến 6h ngày 26/5 (theo giờ VN), toàn thế giới đã ghi nhận tổng cộng 529.398.984 ca nhiễm virus SARS-CoV-2 gây bệnh COVID-19, trong đó có 6.305.104 ca tử vong. Số ca nhiễm mới trong 24 giờ qua là 527.711 và 1.259 ca tử vong mới.","Số bệnh nhân bình phục đã đạt 499.911.977 người, 23.181.903 bệnh nhân đang được điều trị tích cực và 37.929 ca nguy kịch.","Trong 24 giờ qua, Triều Tiên dẫn đầu thế giới về ca nhiễm mới với 115.980 ca; Mỹ đứng thứ hai với 51.444 ca; tiếp theo là Đức (47.176 ca). Mỹ đứng đầu về số ca tử vong mới, với 154 người chết trong ngày; tiếp theo là Đức với 147 ca và Italy 137 ca.","Mỹ vẫn là quốc gia bị ảnh hưởng nghiêm trọng nhất thế giới. Tổng số ca nhiễm tại Mỹ đến nay là 85.309.964 người, trong đó có 1.029.712 ca tử vong. Ấn Độ đứng thứ hai thế giới, ghi nhận tổng cộng 43.144.260 ca nhiễm, bao gồm 524.507 ca tử vong. Trong khi đó, Brazil xếp thứ ba với 30.846.602 ca bệnh và 666.037 ca tử vong.","Châu Âu là khu vực chịu ảnh hưởng nghiêm trọng nhất của dịch COVID-19 với trên 195,8 triệu ca nhiễm, tiếp đến là châu Á với 154,6 triệu ca nhiễm. Bắc Mỹ ghi nhận trên 100,86 triệu ca nhiễm, Nam Mỹ là trên 57,45 triệu ca, tiếp đến là châu Phi trên 12,12 triệu ca và châu Đại Dương trên 8,5 triệu ca nhiễm.",Triều Tiên dẫn đầu thế giới về ca mắc mới,"Hãng tin Triều Tiên KCNA cho biết, theo thông tin từ trụ sở cơ quan phòng chống dịch khẩn cấp của nhà nước, ngày 25/5, có hơn 115.970 người dân nước này đã bị sốt (giảm khoảng 18 540 người so với ngày hôm trước), 192.870 người hồi phục (giảm 20.810 người so với ngày hôm trước ) và không có trường hợp tử vong nào được ghi nhận từ 18h ngày 23/5 đến 18h ngày 24/5 trên cả nước.","Tính đến 18h ngày 24/5, kể từ cuối tháng 4, tổng số người bị sốt là hơn 3.064.880 người, trong đó 2.741.470 người (chiếm 89,448%) đã hồi phục và ít nhất 323.330 người (10,55%) đang được điều trị.",Người mắc COVID-19 có nguy cơ cao hình thành cục máu đông trong phổi,"Những người từng mắc COVID-19 có nguy cơ hình thành các cục máu đông trong phổi, cũng như mắc các triệu chứng về đường hô hấp, cao gấp đôi so với những người chưa từng mắc. Đây là kết quả nghiên cứu do Trung tâm Kiểm soát và Phòng ngừa dịch bệnh (CDC) Mỹ tiến hành, công bố ngày 24/5.","Theo nghiên cứu trên, cứ 5 người trong độ tuổi từ 18-64 thì có 1 người gặp phải các vấn đề sức khỏe có thể liên quan đến COVID-19, trong khi cứ 4 người ở nhóm tuổi trên 65 thì có 1 người gặp phải. Kết quả này liên quan chặt chẽ với các kết quả từ những nghiên cứu trước. 
Nghiên cứu cũng cho thấy những người đã mắc COVID-19 có nguy cơ mắc thuyên tắc phổi cấp, cũng như các triệu chứng hô hấp như ho hay khó thở, cao nhất, gấp 2 lần so với những người chưa từng mắc bệnh, ở cả 2 nhóm tuổi 18-64 và trên 65 tuổi. Thuyên tắc phổi cấp chỉ tình trạng có cục máu đông trong động mạch phổi, có thể dẫn đến các vấn đề nghiêm trọng, bao gồm tổn thương phổi, giảm oxy và tử vong.","Để đưa ra được kết luận trên, nhóm nghiên cứu đã đánh giá hơn 350.000 hồ sơ bệnh án của những người mắc COVID-19 trong khoảng thời gian từ tháng 3/2020 - 11/2021, so sánh với 1,6 triệu trường hợp trong nhóm đối chứng. Nhóm nghiên cứu cũng xem xét hồ sơ dựa trên 26 triệu chứng lâm sàng, vốn gắn liền với hội chứng COVID kéo dài (long COVID). Các nhà khoa học đã theo dõi các bệnh nhân từ tháng đầu tiên đi khám cho đến khi họ có các triệu chứng tiếp theo, hoặc thậm chí đến 1 năm sau đó.",Các triệu chứng phổ biến nhất ở cả hai nhóm tuổi là các triệu chứng về hô hấp và đau cơ xương khớp.,"Đối với các bệnh nhân dưới 65 tuổi, nguy cơ gặp phải các vấn đề sức khỏe đều tăng, song nghiên cứu không phát hiện sự khác biệt đối với nguy cơ phát triển các bệnh mạch máu não, sức khỏe tâm thần hoặc các rối loạn liên quan đến sử dụng các chất.","Các tác giả của nghiên cứu cho biết, mức độ nghiêm trọng và thời gian mắc bệnh COVID-19 có thể ảnh hưởng đến nhu cầu chăm sóc sức khỏe của bệnh nhân và phúc lợi kinh tế. Việc gặp phải các tình trạng sức khỏe khác nhau sau khi mắc COVID-19 cũng có thể ảnh hưởng đến khả năng làm việc của những người này, thậm chí ảnh hưởng đến kinh tế của bản thân họ và những người phụ thuộc, cũng như tăng sức ép đối với hệ thống y tế.","Nghiên cứu còn những hạn chế, trong đó các yếu tố bao gồm dữ liệu thực tế về giới tính, chủng tộc và vùng địa lý, cũng như hồ sơ tiêm chủng, chưa được xem xét. Do thời gian nghiên cứu, nghiên cứu cũng không bao gồm yếu tố về việc xuất hiện các biến thể virus SARS-CoV-2 mới.",Đức nới lỏng các quy định nhập cảnh từ ngày 1/6,"Bộ Y tế Đức sẽ nới lỏng các quy định về COVID-19 đối với người nhập cảnh vào Đức từ ngày 1/6. 
Tập đoàn truyền thông Funke dẫn lời Bộ trưởng Bộ Y tế Đức Karl Lauterbach cho biết nước này sẽ ngừng áp dụng quy định 3G đối với người nhập cảnh vào Đức cho đến cuối tháng 8. Theo đó, du khách khi nhập cảnh vào Đức không cần có chứng nhận tiêm chủng, đã khỏi bệnh hoặc xét nghiệm âm tính với virus SARS-CoV-2 gồm tiêm chủng, phục hồi sau nhiễm virus hoặc xét nghiệm âm tính sẽ dừng áp dụng cho tới tháng 8 năm nay.","Bên cạnh đó, Bộ Y tế Đức cũng dự định công nhận tất cả vaccine ngừa COVID-19 đã được Tổ chức Y tế thế giới (WHO) chấp thuận, ngay cả khi Liên minh châu Âu (EU) chưa phê duyệt. 
Theo số liệu của Robert Koch, số lượng ca nhiễm virus SARS-CoV-2 tại Đức đang giảm dần. Ngày 24/5, nước này ghi nhận 64.437 ca mắc COVID-19, ít hơn 21.815 ca so so với 1 tuần trước đó.","Nghiên cứu sâu rộng về hội chứng ""COVID kéo dài""","Không lâu sau khi dịch COVID-19 bùng phát, một nhóm các nhà nghiên cứu của Viện Y tế quốc gia Mỹ (NIH) đã bắt đầu xem xét hàng trăm bệnh nhân nhằm lý giải nguyên nhân vì sao một số bệnh nhân COVID-19 gặp vấn đề dai dẳng về sức khỏe, mà sau này gọi là hội chứng COVID kéo dài.","Các nhà nghiên cứu đã rà soát hồ sơ bệnh án của các tình nguyện viên là bệnh nhân COVID-19 để tìm ra nguyên nhân khiến họ mắc hội chứng COVID kéo dài với các biểu hiện triệu chứng như mệt mỏi, đau đầu, đau ngực, sương mù não, hụt hơi và các triệu chứng khác. Các nhà nghiên cứu cũng tiến hành hơn 130 thí nghiệm đối với các tình nguyện viên để tìm ra bất kỳ dấu hiệu nào cho thấy những bộ phận cơ thể chính bị tổn thương, rằng virus SARS-CoV-2 vẫn đang ẩn náu trong cơ thể họ hoặc hệ miễn dịch gặp trục trặc.","Các nhà nghiên cứu đã công bố kết quả đầu tiên của nghiên cứu vốn vẫn đang được thực hiện này trên chuyên san nội khoa ""Annals of Internal Medicine"" số ra ngày 24/5. Tiến sĩ Michael Sneller, chuyên gia bệnh truyền nhiễm đứng đầu nghiên cứu nói: ""Đánh giá y tế sâu rộng không làm sáng tỏ nguyên nhân gây ra các triệu chứng kéo dài dai dẳng trong phần lớn các trường hợp. Chúng tôi không thể phát hiện bằng chứng cho thấy virus hiện diện hay ẩn náu trong cơ thể. Chúng tôi cũng không tìm thấy bằng chứng hệ miễn dịch hoạt động quá mạnh hay trục trặc theo cách có thể gây tổn thương tới các bộ phận chính trong cơ thể"".","Tuy nhiên, các nhà nghiên cứu lại phát hiện rằng phụ nữ và những người lo lắng về bệnh, cuối cùng có thể mắc hội chứng COVID kéo dài. Mặc dù vậy, các nhà nghiên cứu nhấn mạnh rằng phát hiện của họ không có nghĩa là những vấn đề của bệnh nhân liên quan tới tâm lý.",Mỹ công bố số liệu mới về hội chứng COVID kéo dài,"Ngày 24/5, Trung tâm Kiểm soát và phòng ngừa dịch bệnh (CDC) của Mỹ công bố một nghiên cứu mới cho thấy có tới 20% số người từ 18 tuổi trở lên ở Mỹ bị mắc hội chứng COVID kéo dài sau khi đã khỏi bệnh COVID-19.","Theo nghiên cứu trên, trong bối cảnh ngày càng có nhiều người phơi nhiễm và mắc COVID-19, con số ghi nhận về các trường hợp gặp phải các triệu chứng dai dẳng hoặc rối loạn chức năng cơ thể sau khi mắc COVID-19 cũng theo đó gia tăng. Các triệu chứng này thường được gọi chung là hội chứng COVID kéo dài, ảnh hưởng đến nhiều hệ cơ quan trong cơ thể, với các dấu hiệu tác động tới tim mạch, phổi, máu, thận, nội tiết, tiêu hóa, cơ xương khớp, thần kinh và tâm thần. Nghiên cứu của CDC Mỹ nêu rõ những người khỏi bệnh COVID-19 có nguy cơ mắc bệnh phổi hoặc bệnh hô hấp cao gấp đôi so với những người không mắc bệnh này. Cứ trong 5 người khỏi bệnh COVID-19 (trong độ tuổi từ 18-64) sẽ có 1 người chịu ít nhất 1 triệu chứng COVID kéo dài. Trong khi ở những người trên 65 tuổi, tỷ lệ này là 1/4.","Theo CDC Mỹ, việc thực hiện các chiến lược phòng chống COVID-19, cũng như đánh giá thường xuyên mức độ ảnh hưởng của tình trạng hậu COVID-19 ở những người đã khỏi bệnh là rất quan trọng, giúp hoạch định biện pháp giảm thiểu các ca lây nhiễm và hạn chế các ảnh hưởng trong thời kỳ hậu COVID-19, đặc biệt là ở những người trên 65 tuổi.",New Zealand ghi nhận ca đầu tiên nhiễm biến thể BA.2.12.1 trong cộng đồng,"Ngày 25/5, nhà chức trách New Zealand thông báo đã phát hiện ca đầu tiên nhiễm dòng phụ BA.2.12.1 của biến thể Omicron trong cộng đồng.","Bộ Y tế New Zealand cho biết ca nhiễm sống tại Vịnh Hawke's, có kết quả xét nghiệm dương tính với virus SARS-CoV-2 hôm 10/5. Trường hợp này không có mối liên quan đến yếu tố nước ngoài.  
Dòng phụ này của biến thể Omicron đang là biến thể chủ đạo khiến dịch bệnh lây lan tại Mỹ và được phát hiện ở các trường hợp nhập cảnh tại New Zealand trong nhiều tuần. Thống kê cho thấy New Zealand đã ghi nhận 29 trường hợp nhập cảnh nhiễm dòng phụ BA.2.12.1 này kể từ tháng 4, nên việc dòng phụ này lây lan trong cộng đồng cũng không nằm ngoài dự đoán của nhà chức trách.","Theo các dữ liệu gần đây, dòng phụ BA.2.12.1 có khả năng lây nhiễm cao hơn biến thể phụ hiện đang chiếm chủ đạo tại New Zealand. Bộ Y tế cho biết lực lượng chức năng vẫn duy trì việc giám sát bộ gene nhằm tăng cường hiểu biết về các loại biến thể mới của virus SARS-CoV-2 cũng như theo dõi sự lây lan của những biến thể này. Trước đó, New Zealand đã ghi nhận các ca nhiễm dòng phụ BA.4 và BA.5 của Omicron trong cộng đồng.","Brunei cập nhật hướng dẫn phòng, chống dịch","Cùng ngày, Chính phủ Brunei cho biết Giai đoạn bệnh đặc hữu sớm của nước này sẽ kết thúc vào ngày 31/5 và nhà chức trách sẽ cập nhật hướng dẫn về các biện pháp kiểm soát COVID-19, bắt đầu từ tháng 6.","Theo chương trình phục hồi quốc gia sau đại dịch COVID-19, Brunei coi COVID-19 là bệnh đặc hữu từ tháng 12/2021 trong bối cảnh tình trạng lây lan dịch bệnh giảm dần, sau khi nước này áp đặt các biện pháp giãn cách xã hội nghiêm ngặt nhất, trong đó có quy định làm việc tại nhà và ban bố lệnh giới nghiêm.","Theo Ủy ban Chỉ đạo quốc gia về COVID-19 của Brunei, một số hướng dẫn về phòng, chống COVID-19 sẽ được cập nhật từ ngày 1/6, theo đó sẽ không còn hạn chế số người được phép tập trung tại một sự kiện. Mọi hoạt động thể thao sẽ được phép tổ chức và không hạn chế số lượng khán giả. Hoạt động ăn uống, tôn giáo cũng sẽ không còn bị giới hạn. Tuy nhiên, hướng dẫn cũng khuyến nghị đeo khẩu trang trong các tòa nhà công cộng và khu vực đông người ngoài trời.","Ủy ban này cho biết quyết định trên được đưa ra dựa trên thực tế tình hình dịch COVID-19 tại nước này đã ổn định, tỷ lệ tiêm chủng cao và số giường bệnh còn trống tại các trung tâm cách ly trong nước ở mức cao. Hiện Chính phủ Brunei vẫn đang theo dõi và xem xét dỡ bỏ các hạn chế khác như việc quét mã và mở cửa biên giới để đạt được mục tiêu đưa cuộc sống trở lại trạng thái bình thường như trước khi xảy ra đại dịch. Các quyết định sẽ sớm được công bố trong vài ngày tới. 
Trong ngày 24/5, Brunei ghi nhận 246 ca mắc mới COVID-19, đưa tổng số ca mắc tại nước này lên 147.021 trường hợp. Hiện Brunei có 1.633 ca bệnh đang được điều trị và theo dõi và 145.166 trường hợp bình phục. Tính đến ngày 23/5, khoảng 69,7% dân số Brunei đã được tiêm 3 mũi vaccine ngừa COVID-19.",LHQ đánh giá cao kết quả phòng chống dịch COVID-19 của Indonesia,"Theo phóng viên TTXVN tại Jakarta, phát biểu tại Diễn đàn toàn cầu về giảm thiểu rủi ro thiên tai (GPDRR) năm 2022 được tổ chức tại Bali (Indonesia), Phó Tổng thư ký Liên hợp quốc Amina Mohammed đánh giá cao các bước Indonesia đã thực hiện để giải quyết và ứng phó thành công đại dịch COVID-19.",Bà Amina Mohammed đánh giá nỗ lực của Indonesia tiêm vaccine cho dân số 217 triệu người là một thành tựu lớn. Chính quyền Indonesia đã triển khai chương trình tiêm chủng để đảm bảo an toàn cho mọi người và hành động ứng phó với đại dịch COVID-19. Bà Amina Mohammed khẳng định Indonesia là một đối tác rất quan trọng của LHQ trong các nỗ lực giảm nhẹ rủi ro thiên tai.,Tổng thống Indonesia Joko Widodo cho biết chính phủ nước này đã thực hiện chính sách linh hoạt trong việc đối phó với đại dịch COVID-19 nhằm duy trì sự cân bằng giữa lợi ích sức khỏe và kinh tế. Chính sách này đã được chứng minh là có hiệu quả. Indonesia đã triển khai tiêm được 411 triệu liều vaccine cho người dân.,"Tổng thống Joko Widodo cũng cho biết số ca mắc COVID-19 hằng ngày ở Indonesia đã giảm mạnh, từ mức cao nhất 64.000 ca/ngày xuống còn 345 ca/ngày vào ngày 24/5 vừa qua. Trong khi đó, tăng trưởng kinh tế được duy trì ở mức 5,01% và lạm phát ở mức an toàn là 3,5%."
2,https://baotintuc.vn//the-gioi/quan-chuc-tho-nhi-ky-doa-rut-khoi-nato-neu-lien-minh-ket-nap-thuy-dien-va-phan-lan-20220525182651199.htm,Quan chức Thổ Nhĩ Kỳ dọa rút khỏi NATO nếu liên minh kết nạp Thụy Điển và Phần Lan,"Ngày 25/5, Thổ Nhĩ Kỳ đã thể hiện lập trường cứng rắn đối với vấn đề kết nạp hai nước Thụy Điển và Phần Lan và Tổ chức Hiệp ước Bắc Đại Tây Dương (NATO).",https://cdnmedia.baotintuc.vn/Upload/lQuX6s340fSBU8AUyrDPxg/files/2022/05/thonhiky-roinato.jpeg,Trang mạng Pravda.ru đưa tin Thổ Nhĩ Kỳ tuyên bố nước này sẽ nêu vấn đề rút khỏi NATO nếu liên minh không đáp ứng các đòi hỏi của Ankara đối với việc kết nạp Phần Lan và Thụy Điển.,"Theo hãng thông tấn Anadolu, tuyên bố này được thủ lĩnh Đảng Phong trào Dân tộc Thổ Nhĩ Kỳ, ông Devlet Bahceli, đưa ra. Ông Devlet Bahceli tuyên bố hoàn toàn ủng hộ lập trường của Tổng thống Recep Tayyip Erdogan về vấn đề Phần Lan và Thụy Điển trở thành thành viên NATO.","Ông cáo buộc hai nước Bắc Âu này hỗ trợ tài chính cho các tổ chức bị Ankara liệt vào danh sách khủng bố, đồng thời coi việc chấp thuận đơn xin gia nhập NATO của Thụy Điển và Phần Lan là hành động thỏa thuận với ""kẻ thù của Thổ Nhĩ Kỳ"". Quan chức này cũng đề nghị thành lập một liên minh giữa Thổ Nhĩ Kỳ và với các nhà nước Hồi giáo, coi đó là sự thay thế cho NATO.","Theo báo Nezavisimaya Gazeta (Nga) ngày 24/5, Tổng thống Thổ Nhĩ Kỳ Recep Tayyip Erdogan cũng một lần nữa thể hiện phản ứng gay gắt trong NATO. Trên thực tế, phản đối của Thổ Nhĩ Kỳ về tư cách thành viên NATO của Thụy Điển và Phần Lan là do sự thay đổi trong chính sách của phương Tây đối với Ankara.","Tuyên bố của Tổng thống Erdogan rất cứng rắn. Ông đổ lỗi cho một số quốc gia đã rút hệ thống phòng không của họ khỏi Thổ Nhĩ Kỳ và viện trợ vũ khí miễn phí cho ""những kẻ khủng bố"", ám chỉ đến Đảng Công nhân Kurdistan (PKK) và lực lượng ủy nhiệm Syria. Ông Erdogan cũng nêu ra danh sách các vấn đề vướng mắc trong mối quan hệ của Thổ Nhĩ Kỳ với Mỹ và châu Âu.","Tổng thống Erdogan cho rằng, trong khi công dân Thổ Nhĩ Kỳ gặp khó khăn trong việc xin thị thực vào Mỹ và EU, thì ""những kẻ khủng bố"" lại dễ dàng xin tị nạn ở Mỹ và EU, đồng thời nêu rõ sự hiểu lầm về quan điểm của Ankara trong cuộc chiến Karabakh năm 2020, cũng như các hành động của Thổ Nhĩ Kỳ ở Syria và Libya.","Nezavisimaya Gazeta cho biết Tổng thống Thổ Nhĩ Kỳ gần như đã ra ""tối hậu thư"" cho các đồng minh NATO, bằng cách khẳng định không thể áp đặt biện pháp trừng phạt đối với Ankara cũng như không thiên vị trong lĩnh vực an ninh và quốc phòng. Do đó, cho đến khi có bất kỳ hành động cụ thể nào được thực hiện, Thổ Nhĩ Kỳ sẽ không từ bỏ quyền phủ quyết đối với việc kết nạp Thụy Điển và Phần Lan vào NATO.","Dù vậy, giới phân tích nhận định Thổ Nhĩ Kỳ chưa hẳn đã đóng sập cánh cửa gia nhập NATO đối với Thụy Điển và Phần Lan. Thổ Nhĩ Kỳ ngày 18/5 khẳng định sẽ chỉ có thể đạt được tiến triển trong nỗ lực gia nhập NATO của Phần Lan và Thụy Điển nếu Helsinki và Stockholm triển khai các bước đi cụ thể nhằm giải quyết những quan ngại an ninh của Ankara.","Theo Phủ Tổng thống Thổ Nhĩ Kỳ, ông Ibrahim Kalin - Cố vấn chính sách đối ngoại của Tổng thống Recep Erdogan, đã điện đàm với những người đồng cấp của 2 quốc gia Bắc Âu nêu trên, cùng các quan chức Đức, Anh và Mỹ để thảo luận về chính sách mở rộng NATO. Trong cuộc điện đàm, phía Ankara nhấn mạnh nếu những kỳ vọng của Ankara được đáp ứng, “quá trình này có thể đạt tiến triển”.","Trong khi đó, Tổng thống Mỹ Joe Biden đã bày tỏ lạc quan về triển vọng thành công trong nỗ lực của Phần Lan và Thụy Điển gia nhập NATO, bất chấp những tuyên bố phản đối từ phía Thổ Nhĩ Kỳ, một đồng minh quan trọng trong khối.","Cố vấn an ninh quốc gia Mỹ Jake Sulliavan cho biết phía Mỹ đang giao thiệp với giới chức Thổ Nhĩ Kỳ trong nỗ lực giải tỏa những lo ngại an ninh của Ankara. Ông chia sẻ: “Chúng tôi tin tưởng Phần Lan và Thụy Điển cuối cùng sẽ có được tiến trình gia nhập hiệu quả, trong khi các quan ngại của Thổ Nhĩ Kỳ được giải tỏa”.",,,,,,,,,,,,,,,,,,,,,,,,,,,,,,,
3,https://baotintuc.vn//the-gioi/eu-dau-tu-gan-1-ty-euro-tang-cuong-nang-luc-quoc-phong-20220525225411079.htm,EU đầu tư gần 1 tỷ euro tăng cường năng lực quốc phòng,"Ngày 25/5, Ủy ban châu Âu (EC) đã thông qua chương trình làm việc thường niên thứ hai của Quỹ Quốc phòng châu Âu (EDF) với nguồn kinh phí là 924 triệu euro.",https://cdnmedia.baotintuc.vn/Upload/e9GdNZvHDFi8lZSWc6ubA/files/2022/05/euro-25522e.jpg,"Theo phóng viên TTXVN tại Brussels, một tuần sau cuộc trao đổi chung về khoảng trống đầu tư quốc phòng, EC giải ngân nguồn vốn mới để đầu tư và nâng cao năng lực phòng thủ chiến lược. Ngoài ra, chương trình làm việc 2022 còn giới thiệu một loạt công cụ mới để thúc đẩy đổi mới quốc phòng, trong khuôn khổ Chương trình đổi mới quốc phòng của Liên minh châu Âu (EUDIS).","Như thông báo hôm 15/2, EUDIS sẽ hợp tác chặt chẽ với Trung tâm đổi mới của Cơ quan Quốc phòng châu Âu. Chương trình làm việc bao gồm tổng cộng 33 chủ đề được thiết lập theo 8 đề xuất sẽ bắt đầu vào đầu tháng 6 để khởi động một số dự án mang tính biểu tượng nhất định, từ an ninh mạng đến không gian hoặc tác chiến hải quân.",EUDIS cũng nhắm vào các công nghệ và năng lực quốc phòng phù hợp với các ưu tiên năng lực của EU đã được các quốc gia thành viên nhất trí và được nêu rõ trong Định hướng chiến lược của khối.,,,,,,,,,,,,,,,,,,,,,,,,,,,,,,,,,,,,,,,
4,https://baotintuc.vn//phan-tichnhan-dinh/undp-nhan-dinh-ve-cuoc-khung-hoang-da-tang-hien-nay-20220525230247022.htm,UNDP nhận định về cuộc khủng hoảng đa tầng hiện nay,"Tổng giám đốc chương trình phát triển Liên hợp quốc (UNDP) Achim Steiner nhận định thế giới đang cùng lúc đối mặt với nhiều cuộc khủng hoảng, từ gia tăng nợ công đến ảnh hưởng của cuộc xung đột tại Ukraine, lạm phát giá năng lượng và thực phẩm.",https://cdnmedia.baotintuc.vn/Upload/c2tvplmdloSDblsn03qN2Q/files/2022/05/25/khung-hoang-da-tang-2552022.jpg,"Trong cuộc phỏng vấn mới đây với hãng tin AFP (Pháp), bên lề Diễn đàn Kinh tế thế giới (WEF) đang diễn ra tại Davos, Thụy Sĩ, ông Steiner đã đưa ra những nhận định về ảnh hưởng của cuộc xung đột tại Ukraine với tình hình thế giới. Theo ông, về cơ bản cuộc xung đột xảy ra tại nước sản xuất ngũ cốc hàng đầu trên thế giới, đã làm giảm hoạt động xuất khẩu ngũ cốc và khiến giá những mặt hàng này tăng và gián đoạn chuỗi cung ứng. Có những quốc gia trên thế giới phụ thuộc tới 30, 40, thậm chí 50% nguồn cung lúa mỳ từ các nước như Ukraine. Nhiều nước ở châu Phi, các nước Arab đã lập tức chịu ảnh hưởng.","Thứ hai, hàng trăm triệu người hiện không đủ khả năng tài chính để mua thực phẩm thiết yếu vì tác động của bão giá toàn cầu, gây quan ngại sâu sắc. Liên hợp quốc ước tính đến tháng 5/2022, trên 200 triệu người trên thế giới rơi vào cảnh đói kém và con số này sẽ tăng vì nhiều yếu tố cộng dồn như nạn hạn hán khắc nghiệt đang diễn ra ở Đông Phi và vùng Sừng châu Phi.","Bên cạnh đó, ngành nông nghiệp cũng chịu cú sốc gián đoạn chuỗi cung ứng trong ngắn hạn, chủ yếu do xuất khẩu phân bón, từ những nhà sản xuất hàng đầu như Nga và Belarus, bị cản trở vì các lệnh trừng phạt liên quan chiến dịch quân sự đặc biệt tại Ukraine.","Quan chức UNDP cho rằng nếu có thể tìm cách giải phóng các kho chứa ngũ cốc ở Ukraine và nếu có một thỏa thuận quốc tế để chấm dứt cuộc xung đột tại nước này thì các vấn đề về nguồn cung và giá cả sẽ lập tức được khắc phục phần nào, giúp kéo dài thời gian để tháo gỡ bài toán về sản lượng ngũ cốc trong tương lai.","Chưa dừng lại ở đó, cơn bão giá hiện nay có thể dẫn tới khủng hoảng tài khóa. Khả năng các chính phủ mua được thực phẩm trên thị trường thế giới khi giá cả tăng cao sẽ càng thấp đi do ngân sách đã chịu ảnh hưởng của đại dịch COVID-19. UNDP ước tính 80 quốc gia trên thế giới đang đối mặt với nguy cơ khủng hoảng nợ trong năm 2022. Nguy cơ này cũng sẽ nhanh chóng dẫn đến những bất ổn chính trị. Khi người dân không đủ tiền mua thực phẩm, các chính phủ không thể cung cấp thực phẩm cho thị trường, các bất ổn chính trị sẽ nhanh chóng nảy sinh và điều này gây quan ngại sâu sắc.","Ông Steiner cho rằng tình hình tại Sri Lanka là một ví dụ và có thể khu vực Mỹ Latinh, châu Phi cũng sẽ trải qua tình trạng tương tự vì các nước đang phải đối mặt với tình trạng tăng giá mạnh trong cả nhập khẩu lương thực và nhập khẩu năng lượng.","Theo ông, hiện có khoảng 60 - 70 quốc gia đang đối mặt cùng lúc với cả 3 cuộc khủng hoảng và đây cũng là nhóm đáng lo ngại nhất và cần cộng đồng quốc tế hỗ trợ nhưng hiện chưa nhận được hỗ trợ phù hợp. Giám đốc UNDP cho rằng bước đầu tiên là tăng thanh khoản cho hệ thống tài chính và phải giải quyết được thực tế là các chính phủ cạn tiền ngân sách sau đại dịch COVID-19.","Ông Steiner kết luận các nước thế giới đang chật vật đối phó theo nhiều cách, ở các cấp độ khác nhau để giải quyết nhiều cuộc khủng hoảng xảy ra cùng lúc, về an ninh lương thực, giá cả năng lượng và chi phí vay vốn. Phản ứng từ các nước có thể tạo sự khác biệt một các đáng kể, vì hiện nay dù là G7, G20 hay các nền tảng quốc tế của UNDP cũng đều chưa có hành động tương xứng hoặc chưa được cấp nguồn lực để hành động phù hợp.","Tổng giám đốc UNDP cho rằng việc nêu các vấn đề ra thảo luận tại WEF là rất quan trọng vì thế giới cần những người đi đầu trong kinh tế, trong các chính phủ và các xã hội để hiểu rõ về thời khắc nghiêm trọng này, cả về quản lý khủng hoảng và năng lực để tiếp tục phối hợp thay vì quay lưng lại với nhau.",,,,,,,,,,,,,,,,,,,,,,,,,,,,,,,,,
5,https://baotintuc.vn//the-gioi/nga-cap-nhanh-quoc-tich-cho-nguoi-ukraine-o-khu-vuc-da-kiem-soat-20220525231136286.htm,Nga cấp nhanh quốc tịch cho người Ukraine ở khu vực đã kiểm soát,"Cư dân của hai khu vực miền nam Ukraine, nơi Nga đã giành quyền kiểm soát, có thể trở thành công dân Nga thông qua một quy trình đơn giản, nhanh chóng.",https://cdnmedia.baotintuc.vn/Upload/0gYjdiNY41wQIbPeRYyPvA/files/2022/05/quoc-tich-Nga/ho-chieu-nga.jpeg,"Theo tờ Moscow Times, Tổng thống Nga Vladimir Putin ngày 25/5 đã ký sắc lệnh đơn giản hóa quy trình nhập quốc tịch Nga cho những người Ukraine sống trong các vùng lãnh thổ do quân đội Nga kiểm soát ở miền nam và miền đông Ukraine.","Theo sắc lệnh, cư dân của hai khu vực Ukraine do Nga kiểm soát là Zaporozhye và Kherson sẽ có thể nộp đơn xin nhập quốc tịch Nga theo một thủ tục nhanh chóng.","""Công dân Ukraine, Cộng hòa Nhân dân Donetsk (DNR) hoặc Cộng hòa Nhân dân Luhansk (LNR), thường trú trên lãnh thổ của DNR, LNR, vùng Zaporizhzhia của Ukraine hoặc vùng Kherson của Ukraine, có quyền nộp đơn cho quyền công dân của Liên bang Nga theo cách đơn giản hóa"", sắc lệnh nêu rõ.","Đài RT cho biết, sắc lệnh này sửa đổi văn bản năm 2019, trong đó thiết lập một thủ tục đơn giản hóa để có hộ chiếu Nga cho một số thường trú nhân ở các vùng Donetsk và Lugansk của Ukraine. Những người sống trong các khu vực do Cộng hòa Nhân dân Donetsk và Lugansk tự xưng kiểm soát được coi là đủ điều kiện tham gia chương trình mà theo đó thủ tục cấp quốc tịch có thể được xử lý chỉ trong 3 tháng.","Tính đến tháng 2/2022, 950.000 người tại hai khu vực này đã nộp đơn và 770.000 người trong số họ đã trở thành công dân Nga. Moskva cũng đã công nhận hai thực thể tại Donbass là các quốc gia có chủ quyền.",Sắc lệnh mới bổ sung thêm cư dân của các khu vực Zaporozhye và Kherson ở phía nam Ukraine vào nhóm những người đủ điều kiện tham gia chương trình nhập quốc tịch. Quân đội Nga đã nắm quyền kiểm soát cả hai nơi này trong những ngày đầu của chiến dịch quân sự bắt đầu cách đây 3 tháng.,"Nga đã tấn công quốc gia láng giềng vào cuối tháng 2, sau khi cáo buộc Ukraine không thực hiện các điều khoản của thỏa thuận Minsk, được ký kết vào năm 2014. Điện Kremlin yêu cầu Ukraine chính thức tuyên bố là một quốc gia trung lập và sẽ không bao giờ tham gia vào khối quân sự NATO do Mỹ đứng đầu. Kiev khẳng định cuộc tấn công của Nga là hoàn toàn vô cớ và bác bỏ cáo buộc họ có kế hoạch chiếm lại hai nước cộng hòa tự xưng bằng vũ lực.",,,,,,,,,,,,,,,,,,,,,,,,,,,,,,,,,,,
6,https://baotintuc.vn//the-gioi/quoc-hoi-my-thuc-day-kiem-soat-sung-dan-20220525220903311.htm,Quốc hội Mỹ thúc đẩy kiểm soát súng đạn,"Ngày 25/5, các Thượng nghị sĩ đảng Dân chủ tuyên bố nhất thiết phải tiến hành thảo luận quy mô lớn về kiểm soát súng đạn khi mà đã xảy ra vụ xả súng kinh hoàng ở thị trấn Uvalde của bang Texas, khiến ít nhất 19 trẻ em và 2 người lớn thiệt mạng. Trước đó 10 ngày, một vụ xả súng đẫm máu khác cướp đi sinh mạng của 10 người tại thành phố Buffalo, bang New York.",https://cdnmedia.baotintuc.vn/Upload/c2tvplmdloSDblsn03qN2Q/files/2022/05/25/kiem-soat-sung-dan-tai-my-2552022.jpg,"Theo phóng viên TTXVN tại Washington, hai vụ xả súng hàng loạt xảy ra trong hơn 1 tuần đang tạo áp lực đối với nghị sĩ Charles Schumer, lãnh đạo phe Dân chủ chiếm đa số tại Thượng viện, về việc nêu vấn đề kiểm soát súng đạn ra Quốc hội trước kỳ nghỉ vào ngày 4/7 tới. Vấn đề này được cho là có thể gây chia rẽ quan điểm giữa các đảng phái cũng như đặt ra thách thức cho các ứng cử viên đảng Dân chủ tham gia cuộc bầu cử giữa nhiệm kỳ vào mùa Thu tới. Thượng nghị sĩ Dân chủ bang Connecticut, Richard Blumenthal, nhấn mạnh rằng cần bỏ phiếu về vấn đề này, cũng như cần quy trách nhiệm cho mọi thành viên của Thượng viện.","Các thành viên của Quốc hội đang vấp phải chỉ trích vì chưa có cuộc tranh luận nghiêm túc về các biện pháp kiểm soát súng đạn kể từ năm 2013, sau vụ một tay súng 20 tuổi sát hại 20 trẻ em và 6 nhân viên tại trường tiểu học Sandy Hook ở Newtown, bang Connecticut. Thượng nghị sĩ Dân chủ bang Montana, Jon Tester, cho rằng Quốc hội cần phải hành động vì trách nhiệm của mình, trong khi Thượng nghị sĩ Dân chủ bang Massachusetts, Elizabeth Warren, cho rằng vụ nổ súng ở trường học mới đây là đáng buồn vì “các nhà lập pháp không thực hiện bất kỳ bước nào để đảm bảo an toàn cho con em”. Thượng nghị sĩ Dân chủ bang Rhode Island, Sheldon Whitehouse, cũng lên án vụ xả súng và thể hiện sự thất vọng đảng Dân chủ, dù kiểm soát cả Thượng viện, Hạ viện và Nhà Trắng, lại không thể thúc đẩy bất cứ quy định nào về kiểm tra lý lịch của người sở hữu súng.","Hai đề xuất mở rộng và tăng cường kiểm tra lý lịch được Hạ viện thông qua vào tháng 3/2021 vẫn bị bỏ ngỏ trong hơn một năm do phe Dân chủ ở Tượng viện tỏ ra không mấy mặn mà với vấn đề này, trong khi không dễ nhận được sự ủng hộ của 10 thành viên đảng Cộng hòa. Trong khi đó, biện pháp thứ hai mà Hạ viện đề ra là kéo dài thời gian đánh giá người mua súng lên 10 ngày lại không mấy khi được thảo luận tại Thượng viện.","Lần cuối cùng Thượng viện Mỹ bỏ phiếu về đề xuất cấm vũ khí tấn công là vào tháng 4/2013, ngay sau vụ xả súng Sandy Hook.",,,,,,,,,,,,,,,,,,,,,,,,,,,,,,,,,,,,,,
7,https://baotintuc.vn//the-gioi/ngan-hang-trung-uong-ukraine-xem-xet-dieu-chinh-lai-suat-20220525220339690.htm,Ngân hàng Trung ương Ukraine xem xét điều chỉnh lãi suất,"Ngày 25/5, Ngân hàng Trung ương Ukraine (BoU) cho biết tại cuộc họp chính sách tiền tệ ngày 2/6, ngân hàng này có thể xem xét điều chỉnh lãi suất lần đầu tiên kể từ khi Nga tiến hành chiến dịch đặc biệt tại Ukraine ngày 24/2.",https://cdnmedia.baotintuc.vn/Upload/c2tvplmdloSDblsn03qN2Q/files/2022/05/25/ngan-hang-trung-uong-Ukraine-255022.jpg,"Ukraine đã đóng băng lãi suất cơ bản ở mức 10% sau ngày 24/2 bất chấp việc lạm phát tăng lên 16,4% trong tháng 4, do tình hình bất ổn và những hạn chế của giao dịch chuyển tiền trong giai đoạn xảy ra xung đột.","Theo BoU, hệ thống tài chính và nền kinh tế đang dần quay trở lại các nguyên tắc của thị trường. Do đó, các thành viên của Ủy ban Chính sách Tiền tệ BoU sẽ cân nhắc một sự thay đổi đáng kể để sử dụng lãi suất như một công cụ chính sách tiền tệ.","Cuộc xung đột với Nga đã ảnh hưởng nghiêm trọng tới nền kinh tế Ukraine và gây ra những tổn thất đầu tiên cho hệ thống ngân hàng kể từ năm 2017. Tuy nhiên, theo một cuộc khảo sát của Hiệp hội Doanh nghiệp châu Âu, tỷ lệ doanh nghiệp nhỏ tạm ngừng hoạt động trong tháng 4 đã giảm xuống 26% so với mức 73% trong tháng 3.","Trước khi Nga tiến hành chiến dịch đặc biệt tại Ukraine, BoU đã tăng lãi suất chủ chốt từ 9% lên 10%, ghi dấu lần đầu tiên ngân hàng này tăng lãi suất lên mức hai con số kể từ tháng 4/2020.","Vào thời điểm đó, BoU cho biết có thể tăng lãi suất một lần nữa để kiềm chế đà tăng của lạm phát, song kế hoạch này đã bị gián đoạn do xung đột với Nga.",,,,,,,,,,,,,,,,,,,,,,,,,,,,,,,,,,,,,
8,https://baotintuc.vn//the-gioi/chuyen-gia-nam-phi-khong-can-tiem-chung-dien-rong-phong-benh-dau-mua-khi-20220525214524097.htm,Chuyên gia Nam Phi: Không cần tiêm chủng diện rộng phòng bệnh đậu mùa khỉ,Các chuyên gia dịch bệnh Nam Phi cho rằng không cần phải thực hiện các chiến dịch tiêm phòng diện rộng để ngăn ngừa bệnh đậu mùa khỉ và cũng không tin bệnh có thể bùng phát như dịch COVID-19.,https://cdnmedia.baotintuc.vn/Upload/c2tvplmdloSDblsn03qN2Q/files/2022/05/25/benh-dau-mua-khi-2552022.jpg,"Tính đến ngày 25/5, Nam Phi chưa ghi nhận ca mắc hay nghi mắc nào gần đây. Tuy nhiên, giới chức y tế nước này vẫn cảnh giác sau khi trên 200 ca mắc và nghi mắc đã được phát hiện tại 19 quốc gia trên thế giới, chủ yếu ở châu Âu, từ đầu tháng 5 đến nay. Biến thể virus gây bệnh đậu mùa khỉ trong đợt bùng phát này gây tỷ lệ tử vong khoảng 1%, tuy nhiên đợt bùng phát mới chưa ghi nhận ca tử vong nào.","Ngày 25/5, Giám đốc điều hành Viện nghiên cứu các dịch bệnh truyền nhiễm (NICD) của Nam Phi Adrian Puren khẳng định đến nay việc tiêm đại trà vaccine phòng bệnh là không cần thiết. Chiến dịch tiêm phòng nên ưu tiên cho những bệnh truyền nhiễm khác, có nguy cơ lây lan và tử vong cao hơn. Tuy nhiên, ông lưu ý giới chức y tế cần duy trì cảnh giác trước đợt bùng phát này.","Trong khi đó, chuyên gia Jacqueline Weyer, cũng từ NICD, đánh giá đợt bùng phát bệnh đậu mùa khỉ hiện nay không có gì khác thường ngoài địa điểm bùng phát. Bà cho biết các kết quả phân tích chuỗi gene của virus gây bệnh trong đợt bùng phát bệnh đậu mùa khỉ hiện nay không có thay đổi gì so với virus từng gây bệnh ở Nigeria trong những năm gần đây. Điều khác duy nhất ở đợt bùng phát này chỉ là bệnh xuất hiện ở địa điểm khác, không phải các vùng Tây và Trung Phi như trước đây.","Bà Weyer tin rằng virus gây bệnh đậu mùa khỉ không lây lan nhanh như virus gây bệnh COVID-19 và đợt bùng phát hiện nay có thể kiểm soát nhanh chóng hơn thông qua xét nghiệm, truy dấu tiếp xúc, theo dõi và cách ly thay vì tiêm phòng.","Trong khi đó, phát biểu tại một hội thảo riêng rẽ, Giáo sư Moritz Kraemer, từ Đại học Oxford, cho biết hiện còn quá sớm để xây dựng các mô hình dự báo về đợt bùng phát bệnh đậu mùa khỉ lần này. Các vấn đề cần tìm hiểu thêm để có thể thực hiện mô hình dự đoán diễn biến dịch là khi nào thì con người lây truyền virus gây bệnh, liệu bệnh có lây lan trước khi người bệnh xuất hiện triệu chứng hay không, tỷ lệ lây nhiễm trong những người tiếp xúc gần và thời gian ủ bệnh.","Cũng trong ngày 25/5, Cơ quan y tế Bồ Đào Nha (DGS) đã xác nhận thêm 10 ca mắc bệnh đậu mùa khỉ, nâng tổng số ca đã được ghi nhận ở nước này lên là 49 ca, tương đương với nước láng giềng Tây Ban Nha. Hai nước này hiện nằm trong số những điểm nóng của đợt bùng phát bệnh đậu mùa khỉ ở châu Âu trong thời gian gần đây. Trước đó, bệnh đậu mùa khỉ chỉ xuất hiện ở các vùng ở Tây và Trung Phi.","DGS xác nhận các ca mắc mới đều là nam giới, hầu hết dưới 40 tuổi. Tất cả các ca bệnh đều đang trong tình trạng ổn định và không có người nào phải nhập viện. Tây Ban Nha cũng xác nhận thêm 1 ca mắc mới trong ngày 25/5. Vùng Madrid, nơi phát hiện hầu hết các ca bệnh tại Tây Ban Nha và đều liên quan một cơ sở xông hơi cho người lớn, sẽ cập nhật số ca mắc mới trong ngày 25/5.","Hầu hết các ca mắc bệnh đậu mùa khỉ được xác nhận trên toàn thế giới trong đợt bùng phát này đều không có triệu chứng nặng, trong đó đa số là nam giới. Biểu hiện của bệnh là sốt và phát ban.",,,,,,,,,,,,,,,,,,,,,,,,,,,,,,,,,,
9,https://baotintuc.vn//the-gioi/gioi-chuc-han-nhat-my-thao-luan-ve-vu-phong-moi-cua-trieu-tien-20220525211551217.htm,Giới chức Hàn - Nhật - Mỹ thảo luận về vụ phóng mới của Triều Tiên,"Ngoại trưởng và quan chức cấp cao các nước Hàn Quốc, Mỹ và Nhật Bản ngày 25/5 đã có các cuộc trao đổi trong đó bày tỏ quan ngại về vụ phóng thử các tên lửa đạn đạo mà Triều Tiên mới thực hiện.",https://cdnmedia.baotintuc.vn/Upload/e9GdNZvHDFi8lZSWc6ubA/files/2022/05/ICBM-25522i.jpg,"Theo Bộ Ngoại giao Hàn Quốc, Ngoại trưởng nước này Park Jin và người đồng cấp Mỹ Antony Blinken đã nhất trí hợp tác chặt chẽ để thúc đẩy Hội đồng Bảo an Liên hợp quốc thông qua nghị quyết mới với Triều Tiên. Hai bên đánh giá động thái mới của Bình Nhưỡng là hành động làm gia tăng căng thẳng, ảnh hưởng đến hòa bình và ổn định khu vực.","Trong cuộc điện đàm riêng rẽ với Ngoại trưởng Nhật Bản Yoshimasa Hayashi, quan chức ngoại giao hàng đầu Hàn Quốc đã kêu gọi phản ứng quốc tế nhằm ngăn chặn những hành động gia tăng căng thẳng. Hai ngoại trưởng cũng nhất trí thúc đẩy hợp tác ba bên với Mỹ trong vấn đề hạt nhân Triều Tiên.","Cùng ngày, đặc phái viên phụ trách các vấn đề hòa bình và an ninh trên Bán đảo Triều Tiên của Hàn Quốc, Kim Gunn cùng đại diện phía Mỹ Sung Kim và đặc phái viên Nhật Bản Takehiro Funakoshi, cũng đã điện đàm thảo luận về vụ phóng mới của Bình Nhưỡng cũng như những phản ứng chung.","Bên cạnh đó, ông Kim Gunn đã điện đàm riêng rẽ với Đại sứ Trung Quốc Xing Haiming và Đại sứ Nga Andrey Kulik, trong đó nhấn mạnh cần phải có phản ứng đồng nhất với các vụ thử tên lửa của Tiều Tiên và đề nghị các nước này hỗ trợ tại HĐBA.","Về phần mình, hai Đại sứ Trung Quốc và Nga đã tái khẳng định cam kết đóng vai trò xây dựng vì một giải pháp hòa bình cho các vấn đề trên Bán đảo Triều Tiên.","Các động thái trên diễn ra trong bối cảnh quân đội Hàn Quốc sáng 25/5 thông báo Triều Tiên đã phóng 3 tên lửa đạn đạo về phía vùng biển phía Đông của nước này, trong đó dường như có một tên lửa đạn đạo liên lục địa (ICBM).",,,,,,,,,,,,,,,,,,,,,,,,,,,,,,,,,,,,
10,https://baotintuc.vn//the-gioi/asean-tang-cuong-phoi-hop-quoc-te-trong-ung-pho-thien-tai-20220525203200788.htm,ASEAN tăng cường phối hợp quốc tế trong ứng phó thiên tai,"Theo phóng viên TTXVN tại Jakarta, với việc ký kết Biên bản ghi nhớ (MoU) về tăng cường khả năng ứng phó của cộng đồng ở khu vực Đông Nam Á, Hiệp hội các quốc gia Đông Nam Á (ASEAN) cùng Hiệp hội Chữ thập Đỏ và Trăng lưỡi liềm Đỏ quốc tế (IFRC) đã cam kết thúc đẩy và tăng cường phối hợp trong lĩnh vực quản lý thiên tai.",https://cdnmedia.baotintuc.vn/Upload/YZmStSDTjb0M07hFJ2gA/files/2022/05/25/thien-tai-250522.jpg,"Thỏa thuận liên quan đến phạm vi và các lĩnh vực hợp tác chính giữa ASEAN và IFRC nhằm tăng cường khả năng ứng phó với thiên tai của cộng đồng ở cấp độ khu vực, quốc gia và địa phương trong khu vực Đông Nam Á. Các lĩnh vực này bao gồm quản lý và giảm thiểu rủi ro thiên tai, xây dựng luật, hợp tác y tế trong các trường hợp khẩn cấp, cứu trợ thảm họa và ứng phó khẩn cấp, bình đẳng giới, thanh niên, và biến đổi khí hậu.","Việc ký kết thỏa thuận trên cũng đánh dấu một cột mốc quan trọng trong quan hệ hợp tác lâu dài giữa ASEAN và IFRC, trong đó có việc IFRC hỗ trợ Ủy ban ASEAN về quản lý thiên tai (ACDM) thực hiện Hiệp định ASEAN về quản lý thảm họa và ứng phó khẩn cấp (AADMER) và các chương trình làm việc của tổ chức này.","Thỏa thuận hợp tác này đã được Tổng thư ký ASEAN Dato Lim Jock Hoi và Tổng thư ký IFRC Jagan Chapagain ký kết vào ngày 25/5 bên lề Diễn đàn toàn cầu lần thứ 7 về giảm thiểu rủi ro thiên tai (GPDRR 2022) tại Bali (Indonesia), trước sự chứng kiến của đại diện ACDM và đại diện của các Hội Chữ thập đỏ và Trăng lưỡi liềm đỏ quốc gia. Tại lễ ký, ASEAN và IFRC đã đánh giá cao tiến độ hợp tác giữa hai bên. Nhận thức được tầm quan trọng của hợp tác cùng có lợi trong việc xây dựng Cộng đồng ASEAN ứng phó với thiên tai, cả hai bên đều bày tỏ mong muốn thực hiện MoU thông qua các dự án hợp tác trong khuôn khổ Chương trình công tác AADMER giai đoạn 2021-2025.","Tổng thư ký ASEAN Dato Lim nhấn mạnh rằng “trước tần suất và cường độ ngày càng tăng của các thảm họa do biến đổi khí hậu, tại một trong những khu vực hứng chịu nhiều thiên tai nhất thế giới, cùng với bối cảnh nhân đạo ngày càng phức tạp, chúng ta cần xây dựng quan hệ đối tác chiến lược nhằm nâng cao khả năng ứng phó với tư cách là một Cộng đồng ASEAN”.","Về phần mình, Tổng thư ký IFRC Chapagain cho biết: “Thông qua quan hệ đối tác này, mục tiêu chung của hai bên là đặt các cộng đồng tại Đông Nam Á ở vị trí trung tâm bằng cách xây dựng năng lực cá nhân và cộng đồng nhằm giảm thiểu nhu cầu nhân đạo và phòng ngừa các tổn thất và thiệt hại do khủng hoảng khí hậu gây ra”.","Cuối cùng, hai bên cũng khẳng định cam kết ủng hộ chủ đề của GPDRR 2022 “Từ rủi ro đến ứng phó: Hướng tới phát triển bền vững cho tất cả mọi người trong một thế giới biến đổi hậu đại dịch COVID-19 và thực hiện Khung hành động Sendai về giảm thiểu rủi ro thiên tai”.",,,,,,,,,,,,,,,,,,,,,,,,,,,,,,,,,,,,
11,https://baotintuc.vn//the-gioi/nga-tuyen-bo-tra-no-nuoc-ngoai-bang-dong-rup-dung-thoi-diem-bi-du-bao-se-vo-no-20220525203328934.htm,Nga tuyên bố trả nợ nước ngoài bằng đồng rúp đúng thời điểm bị dự báo sẽ 'vỡ nợ',"Nga thông báo sẽ thanh toán các khoản nợ nước ngoài đến hạn bằng đồng rúp, đúng thời điểm Mỹ không gia hạn lệnh miễn trừ trừng phạt, được cho là đẩy Moskva vào tình trạng ""vỡ nợ kỹ thuật"".",https://cdnmedia.baotintuc.vn/Upload/0gYjdiNY41wQIbPeRYyPvA/files/2022/05/Nga-vo-no/tien-rup.jpeg,"Theo đài RT, ngày 25/5, Chủ tịch Duma Quốc gia (Hạ viện) Nga Vyacheslav Volodin cho biết Moskva có kế hoạch thanh toán nợ nước ngoài bằng đồng rúp. Điều này xảy ra sau khi Washington ngăn chặn Nga trả nợ bằng ngoại tệ cho các trái chủ Mỹ.","Ông Volodin nói thêm rằng Nga có tất cả các nguồn lực tiền tệ cần thiết cho các khoản thanh toán. “Mỹ và các vệ tinh ủng hộ quyết định của Washington nên quen với đồng rúp”, ông Volodin tuyên bố trên kênh Telegram cá nhân vào ngày 25/5. Ông trích dẫn kinh nghiệm của Nga yêu cầu thanh toán bằng đồng rúp cho các lô hàng khí đốt như một ví dụ cho thấy phương thức thanh toán nợ bằng đồng nội tệ Nga có thể hiệu quả.","Bộ Tài chính Nga cùng ngày cũng xác nhận trong một tuyên bố rằng Moskva sẽ tiếp tục hoàn thành nghĩa vụ nợ nhà nước của mình, bất chấp việc thắt chặt các hạn chế quốc tế.","“Quyết định của Bộ Tài chính Mỹ từ chối gia hạn giấy phép… trước hết là vi phạm quyền của các nhà đầu tư nước ngoài đối với các công cụ nợ của Nga và làm suy yếu niềm tin vào cơ sở hạ tầng tài chính của phương Tây”, Bộ trên cho biết. Tuyên bố nói thêm rằng ""Bộ Tài chính Nga, với tư cách là một bên đi vay có trách nhiệm, xác nhận sẵn sàng tiếp tục phục vụ và thanh toán tất cả các nghĩa vụ nợ.""","Trước đó ngày 24/5, Bộ Tài chính Mỹ thông báo sẽ không gia hạn lệnh miễn trừ trừng phạt cho phép Nga thanh toán các khoản nợ chính phủ cho các nhà đầu tư Mỹ, trong một động thái mà giới chức Mỹ trước đây từng cho rằng sẽ khiến Moskva rơi vào tình trạng vỡ nợ kỹ thuật. Giấy phép miễn trừ đã hết hạn lúc 04:01 sáng theo giờ GMT (tức 11h theo giờ VN) ngày 25/5.","Trong thông báo ngày 25/5, Bộ Tài chính Nga nói thêm rằng sẽ có ""khả năng sau này chuyển đổi chúng (các khoản thanh toán) thành tiền tệ gốc"" bằng cách sử dụng một tổ chức tài chính của Nga làm đại lý thanh toán.","Các biện pháp trừng phạt của phương Tây đối với Nga đã phần lớn cắt đứt nước này khỏi hệ thống tài chính quốc tế, bao gồm cả việc ngăn chặn khả năng của Moskva trong việc tiếp cận các khoản tiền gửi trong các ngân hàng của Mỹ để thanh toán cho chủ nợ nước ngoài.","Bộ trưởng Tài chính Nga Anton Siluanov cho biết trong một tuyên bố rằng tình hình hiện tại là ""do một quốc gia không thân thiện tạo ra một cách giả tạo"". Ông nói rằng điều đó ""chủ yếu làm tổn hại đến quyền của các nhà đầu tư nước ngoài đối với các công cụ nợ của Nga"".","Bộ trưởng Siluanov nhấn mạnh tình hình lúc này hoàn toàn không giống với vụ việc năm 1998, khi Nga vỡ nợ các khoản vay tiền rúp trong nước do khủng hoảng tài chính: ""Bây giờ chúng tôi có tiền và muốn thanh toán"", ông nói.","Bộ trưởng Tài chính Mỹ Janet Yellen tuần trước cho biết ""nếu Nga không thể tìm ra cách hợp pháp để thực hiện các khoản thanh toán này... thì về mặt kỹ thuật, họ sẽ vỡ nợ"".","Chính phủ Nga đã cố gắng thanh toán bằng nội tệ, nhưng nhiều trái phiếu không cho phép hoàn trả bằng đồng rúp. Thời hạn trả nợ tiếp theo vào ngày 27/5 là với 100 triệu euro tiền lãi của hai loại trái phiếu: một trái phiếu yêu cầu thanh toán bằng USD, euro, bảng Anh hoặc franc Thụy Sĩ; loại còn lại có thể trả bằng rúp. Theo tin từ Reuters và tờ Wall Street Journal cuối tuần trước, Bộ Tài chính Nga đã chuyển tiền ra nước ngoài sớm để thực hiện các khoản thanh toán và tránh vỡ nợ.","Ngoài ra, gần 400 triệu USD tiền lãi sẽ đến hạn vào cuối tháng 6 tới.","Sau thời gian gia hạn từ 15 đến 30 ngày sau thời điểm lỡ thanh toán, Nga có thể sẽ bị tuyên bố là vỡ nợ, làm xấu đi tình hình tài chính của mình và cho phép các chủ nợ thực hiện hành động pháp lý để thu hồi tiền.","Lần gần đây nhất Nga vỡ nợ nước ngoài là vào năm 1918, khi lãnh tụ cuộc Cách mạng Tháng Mười Vladimir Lenin từ chối công nhận các nghĩa vụ tài chính của chế độ Sa hoàng đã bị lật đổ.",,,,,,,,,,,,,,,,,,,,,,,,,,,,
12,https://baotintuc.vn//the-gioi/iaea-dam-phan-hat-nhan-voi-iran-dang-trong-giai-doan-kho-khan-20220525202211225.htm,IAEA: Đàm phán hạt nhân với Iran đang trong giai đoạn khó khăn,"Cuộc đàm phán giữa Cơ quan Năng lượng nguyên tử quốc tế (IAEA) với Iran liên quan các mẫu urani đã qua xử lý được tìm thấy tại các cơ sở hạt nhân không nằm trong danh sách được Tehran thông báo hiện đang ở thời điểm ""rất khó khăn"".",https://cdnmedia.baotintuc.vn/Upload/YZmStSDTjb0M07hFJ2gA/files/2022/05/25/iaea-250522.jpg,Trên đây là nhận định được Tổng Giám đốc Cơ quan Năng lượng nguyên tử quốc tế (IAEA) Rafael Grossi đưa ra ngày 25/5 về vấn đề vốn đã bế tắc lâu nay và ảnh hưởng đến quá trình đàm phán khôi phục thỏa thuận hạt nhân năm 2015 có tên chính thức là Kế hoạch hành động chung toàn diện (JCPOA).,"Dự kiến, ông Grossi sẽ công bố báo cáo về các vấn đề còn tồn tại trong quan hệ với Iran trước Hội đồng thống đốc IAEA trước cuộc họp hàng quý bắt đầu vào ngày 6/6 tới. Phát biểu tại cuộc thảo luận trong khuôn khổ Diễn đàn Kinh tế thế giới ở Davos (Thụy Sĩ), ông Grossi bày tỏ hy vọng khoảng thời gian từ nay đến lúc đó sẽ được sử dụng hiệu quả.","Hồi tháng 3, IAEA và Iran đã nhất trí về lịch trình 3 tháng để làm rõ những vấn đề còn tồn tại giữa hai bên đang cản trở đàm phán khôi phục JCPOA. Ông Grossi cho rằng khó có thể nghĩ đến việc đạt được một thỏa thuận nhằm phục hồi JCPOA khi IAEA chưa nhận được câu trả lời thỏa đáng về hoạt động của các những cơ sở hạt nhân chưa từng được Iran công bố.","Năm 2015, Iran đã ký JCPOA với nhóm P5+1 (gồm 5 nước ủy viên thường trực Hội đồng Bảo an Liên hợp quốc và Đức). Tuy nhiên, cựu Tổng thống Mỹ Donald Trump đã rút Washington ra khỏi văn kiện này vào tháng 5/2018 và tái áp đặt các lệnh trừng phạt đối với Iran, dẫn đến việc Tehran dần từ bỏ một số cam kết của mình.","Kể từ tháng 4/2021 đến nay, Iran và các bên còn lại tham gia ký kết JCPOA đã tổ chức nhiều vòng đàm phán trực tiếp tại thủ đô Vienna của Áo nhằm hồi sinh thỏa thuận này. Mỹ tham gia đàm phán gián tiếp thông qua Liên minh châu Âu (EU).",,,,,,,,,,,,,,,,,,,,,,,,,,,,,,,,,,,,,
13,https://baotintuc.vn//the-gioi/ong-lon-glencore-chap-nhan-nop-phat-15-ty-usd-trong-vu-hoi-lo-chan-dong-nganh-dau-mo-20220525162825375.htm,"Ông lớn Glencore chấp nhận nộp phạt 1,5 tỷ USD trong vụ hối lộ chấn động ngành dầu mỏ","Các công tố viên cho biết hãng giao dịch hàng hóa Glencore đã chi hàng triệu USD cho các vụ hối lộ, lót tay để tiếp cận được nguồn dầu thô ở châu Phi.",https://cdnmedia.baotintuc.vn/Upload/6mcegl3oh8LdApvdtl5uuQ/files/2022/05/052522-Glencore-phat.jpg,"Theo đó, Glencore sẽ nhận tội và chấp nhận khoản tiền phạt lên đến 1,5 tỷ USD về các cáo buộc hối lộ, tháo túng thị trường. Đây là kết quả của tiến trình điều tra kéo dài ở Mỹ, Anh và Brazil nhằm buộc tội hành vi đưa hối lộ, tham nhũng tại một trong những nhà giao dịch hàng hóa lớn nhất thế giới.","Văn phòng Chống gian lận nghiêm trọng (SFO) – cơ quan đặc trách chống tham nhũng của Anh, ngày 24/5 đã công bố cáo buộc nhằm vào Glencore Energy UK, công ty con của Glencore đặt tại Anh.","Chi nhánh này dã dính líu đến 7 vụ tham nhũng, đưa hối lộ liên quan đến hoạt động tại Cameroon, Guinea Xích đạo, Bờ Biển Nga, Nigeria và Nam Sudan. Cụ thể, giới chức, nhân viên Glencore đã chi 25 triệu USD để hối lộ giới chức địa phương, nhằm có được các giấy phép, điều kiện ưu đãi trong tiếp cận nguồn dầu thô từ các nước này.","Tại Mỹ, Glencore đã thừa nhận phạm tội trong hai vụ điều tra hình sự riêng biệt và chấp nhận mức nộp phạt, cưỡng chế tài sản lên đến 1,1 tỷ USD. Một vụ được các công tô viên mô tả là cơ chế hối lộ kéo dài trong 10 năm, liên quan đến tiếp cận nguồn dầu thô ở Nigeria. Vụ còn lại liên quan đến công ty con của Glencore ở Mỹ, thực thể thừa nhận có hành vi thao túng giá xăng dầu tại Mỹ kéo dài trong 8 năm.","Bộ trưởng Tư pháp Mỹ Merrick Garland đã gọi đây là vụ thi hành án với mức phạt cao nhất trong lịch sử liên quan âm mưu thao túng giá hàng hóa trên thị trường dầu mỏ. Về phần mình, Glencore bố sẽ bỏ ra khoản tiền nộp phạt 1,5 tỷ USD, trong đó có 1,1 tỷ tiền phạt ở Mỹ, 40 triệu trong vụ ở Brazil và số còn lại là án phạt ở Anh.","Glencore – liên danh giữa Anh và Thụy Sỹ, là một trong những nhà giao dịch hàng hóa, khai thác mỏ lớn nhất thế giới. Cổ phiếu của hãng này trong năm nay đã tăng lên mức cao kể lục kể từ khi phát hành lần đầu ra công chúng (IPO) 11 năm trước đây. Đà tăng chủ yếu đến từ mức tăng vọt của giá dầu, kim loại màu trên thị trường, giúp Glencore có được kết quả kinh doanh nổi bật.",,,,,,,,,,,,,,,,,,,,,,,,,,,,,,,,,,,,
14,https://baotintuc.vn//the-gioi/quoc-hoi-nga-thong-qua-du-luat-bo-gioi-han-tuoi-nhap-ngu-20220525194533549.htm,Quốc hội Nga thông qua dự luật bỏ giới hạn tuổi nhập ngũ,"Ngày 25/5, Quốc hội Nga đã thông qua luật cho phép bỏ giới hạn về độ tuổi tối đa có thể tham gia phục vụ quân đội theo diện hợp đồng.",https://cdnmedia.baotintuc.vn/Upload/YZmStSDTjb0M07hFJ2gA/files/2022/05/25/Nga-250522.jpg,"Hiện dự luật cần được Tổng thống Vladimir Putin ký ban hành thành luật. Theo luật hiện hành, người Nga trong độ tuổi từ 18-40 và người nước ngoài từ 18-30 có thể đăng ký gia nhập quân đội Nga.","Cũng trong ngày 25/5, Tổng thống Putin đã ký sắc lệnh đơn giản hóa quy trình để những người dân ở các vùng Kherson và Zaporizhzhia tại Ukraine, hiện do lực lượng Nga kiểm soát, có thể đăng ký hộ chiếu và xin cấp quốc tịch Nga, cơ chế vốn được Moskva triển khai áp dụng với các vùng Donetsk và Luhansk từ năm 2019.",,,,,,,,,,,,,,,,,,,,,,,,,,,,,,,,,,,,,,,,
15,https://baotintuc.vn//the-gioi/wef-viet-nam-but-toc-nhanh-nhat-ve-chi-so-nang-luc-phat-trien-nganh-du-lich-20220525162425147.htm,WEF: Việt Nam bứt tốc nhanh nhất về chỉ số năng lực phát triển ngành du lịch,Diễn đàn Kinh tế Thế giới (WEF) ngày 24/5 đã công bố báo cáo mới nhất về ngành du lịch và hàng không.,https://cdnmedia.baotintuc.vn/Upload/6mcegl3oh8LdApvdtl5uuQ/files/2022/05/052522-du-lich.jpg,"Báo cáo có tiêu đề “Tái thiết vì một tương lai bền vững và kiên cường hơn” đánh giá xếp hạng 117 quốc gia trên toàn thế giới, dựa trên một loạt các nhân tố giữ vai trò thiết yếu đối với sự phát triển bền vững, ổn định, của ngành du lịch, để từ đó có đóng góp vào phát triển kinh tế xã hội.","Cụ thể, nhóm nghiên cứu đã đề ra 112 chỉ số, phân chia thành 17 nhóm chính liên quan đến môi trường, hạ tầng giao thông, mức độ đáp ứng ngành công nghệ thông tin, tài nguyên văn hóa, giá cả chi tiêu, điều kiện vệ sinh, mức độ an toàn… Tất cả đều được thiết kế tập trung nhiều hơn vào đánh giá vai trò của ngành du lịch trong một môi trường kinh tế - xã hội rộng mở hơn.","Báo cáo nhìn nhận ngành hàng không, du lịch dù chưa phục hồi trở lại ngưỡng tiền đại dịch, nhưng cũng đã ghi nhận những bước tiến lớn, nhờ vào độ che phủ vaccine ngừa COVID-19 rộng hơn, các nước bắt đầu mở cửa du lịch, nhu cầu du lịch nội địa và quốc tế tăng trở lại. Phía trước vẫn là các thách thức cần vượt qua, trong đó có phân bổ vaccine không đồng đều trên thế giới, công suất phục vụ ngành du lịch bị thu hẹp, thiếu hụt lao động trong ngành và đứt gãy chuỗi cung…","Đứng đầu bảng xếp hạng về Chỉ số năng lực phát triển ngành du lịch năm 2021 (The Travel & Tourism Development Index 2021-TTDI) là Nhật Bản, Mỹ, Tây Ban Nha (cùng đạt mức 5,2 điểm). Kế đến là Pháp và Đức (cùng 5,1 điểm), Thụy Sỹ, Australia, Anh, Singapore (cùng 5,0 điểm) và Italy (4,9 điểm).","Đáng chú ý, Việt Nam là nước bứt tốc mạnh nhất về điểm số trong bảng xếp hạng mới nhất này. Cụ thể, nhóm nghiên cứu của WEF ghi nhận năng lực phát triển của ngành du lịch Việt Nam năm 2021 với điểm số đạt 4,1 điểm, tăng 4,7%, lên thứ hạng 52, tăng 8 bậc so với năm 2019.","Tính theo mức cải thiện thứ hạng, Indonesia đứng đầu, tăng 12 bậc, từ vị trí 44 lên 32. Kế đến là Saudi Arabia, tăng 10 bậc, từ thứ 33 lên 43. Thứ hạng nhiều nước trong khu vực Đông Nam Á bị tụt so với năm 2019, trong đó Thái Lan giảm 1 bậc, xếp thứ 36; Malaysia giảm 9 bậc, xếp thứ 38; Philippines giảm 2 bậc, xếp thứ 75.",,,,,,,,,,,,,,,,,,,,,,,,,,,,,,,,,,,,
16,https://baotintuc.vn//the-gioi/trung-quoc-tung-goi-kich-thich-kinh-te-quy-mo-hon-400-ty-20220525163426545.htm,Trung Quốc tung gói kích thích kinh tế quy mô hơn 400 tỷ,"Chính phủ Trung Quốc đưa ra một loạt các giải pháp để hỗ trợ doanh nghiệp, kích cầu trong nước, nhằm trung hòa những thiệt hại kinh tế đến từ chính sách phong tỏa khắc nghiệt để ngăn chặn COVID-19.",https://cdnmedia.baotintuc.vn/Upload/6mcegl3oh8LdApvdtl5uuQ/files/2022/05/052522-TQ-kinh-te.jpg,"Trung Quốc đã công bố gói biện pháp kích thích kinh tế mới, nhằm hỗ trợ doanh nghiệp và nền kinh tế đang có dấu hiệu chững lại. Theo hãng tin Tân Hoa xã, gói chính sách 33 điểm lần này sẽ “giúp nền kinh tế trở lại quỹ đạo bình thường”, giữ các chỉ số kinh tế lớn ở trong tầm kỳ vọng hợp lý.","Chính sách mới này được Thủ tướng Lý Khắc Cường công bố sau cuộc gặp họp của Quốc Vụ viện trong ngày 23/5. Nó được đưa ra tại thời điểm kinh tế Trung Quốc xuất hiện một số tín hiệu kém khả quan, mục tiêu duy trì tăng trưởng GDP 5,5% trong năm 2022 được cho là “khó thực hiện được” trong điều kiện Trung Quốc tiếp tục phải đối mặt với khó khăn từ các ổ dịch, đi cùng đó là biện pháp kiểm soát hà khắc theo kiểu Zero-Covid (Không COVID).","Theo Thủ tướng Lý Khắc Cường, sản xuất điện, vận tải hàng hóa, dòng tín dụng từ hệ thống ngân hàng đều suy giảm kể từ tháng 4. Nhưng nhà điều hành vẫn còn dư địa, công cụ dự trữ. Đó là nhờ vào việc trong một vài năm qua Trung Quốc không theo đuổi bơm cung tiền ồ ạt, tung các gói kích thích quy mô lớn.","Gói kích thích kinh tế mới nhất này tâp trung vào việc giảm gánh nặng, chi phí tài chính cho các doanh nghiệp, ngành sản xuất, thông qua biện pháp về hoàn thuế, giảm thuế, giảm phí. Dự kiến, số tiền hoàn thuế, giảm thuế mà các doanh nghiệp được hưởng trong năm 2022 sẽ lên đến 396 tỷ USD. Ngân hàng cũng được tăng gấp đôi hạn mức tín dụng cung ứng cho doanh nghiệp nhỏ và siêu nhỏ.","Ở một hướng khác, nhà điều hành cũng hướng đến mục tiêu đẩy mạnh cầu tiêu thụ trong nước. Đó là gói giảm thuế đối với khách hàng mua xe, quy mô 9 tỷ USD. Cùng với đó là chính sách cụ thể được áp dụng nhằm thúc đẩy chi mua sắm nhà ở.",,,,,,,,,,,,,,,,,,,,,,,,,,,,,,,,,,,,,
17,https://baotintuc.vn//phan-tichnhan-dinh/can-benh-tram-kha-cua-nuoc-my-20220525184021339.htm,'Căn bệnh trầm kha' của nước Mỹ,"Vụ xả súng kinh hoàng xảy ra sáng 25/5 (giờ Việt Nam) tại trường tiểu học Robb ở thị trấn Uvalde của bang Texas (Mỹ) khiến 21 nạn nhân thiệt mạng, trong đó có 19 học sinh, là vụ tấn công nhằm vào một trường tiểu học gây nhiều thương vong nhất tại Mỹ kể từ thảm kịch ở Connecticut hồi năm 2012, cướp đi sinh mạng của 26 người. Vụ việc tiếp tục gióng lên hồi chuông báo động, tạo thêm áp lực trong việc ""chữa trị căn bệnh trầm kha"" đang ngày càng ăn sâu, bám rễ và gây ra tác động tiêu cực tới đời sống xã hội Mỹ.",https://cdnmedia.baotintuc.vn/Upload/YZmStSDTjb0M07hFJ2gA/files/2022/05/25/texas-250522.jpg,"Có thể nói bạo lực súng đạn là một trong những vấn đề nghiêm trọng, kéo dài và khó giải quyết nhất ở Mỹ. Nước Mỹ vẫn đang chia rẽ sâu sắc trong việc kiểm soát súng đạn. Đây từ lâu luôn là một trong những chủ đề thu hút sự chú ý của cử tri trước mỗi kỳ bầu cử quan trọng, song chưa bao giờ đi đến đích của một thỏa hiệp lưỡng đảng, khi không có những điều luật đủ mạnh để ngăn chặn vấn nạn này. Lần này cũng thế, khi các cuộc bầu cử sơ bộ giữa nhiệm kỳ đang bắt đầu diễn ra tại một số bang, vụ xả súng tại thị trấn Uvalde nhanh chóng kéo theo những phản ứng của các bên liên quan với những quan điểm trái chiều về quản lý súng đạn tại Mỹ.","Ông Joe Manchin, thượng nghị sĩ đảng Dân chủ tại bang West Virginia, cho biết sẽ làm ""bất cứ điều gì có thể"" để giúp thông qua điều luật mà ông gọi là ""ý thức chung"" để giải quyết bạo lực súng đạn sau vụ xả súng kinh hoàng ở Texas. Tuy nhiên, việc thông qua đạo luật cần ít nhất 60 phiếu ủng hộ tại Thượng viện - đồng nghĩa ít nhất 10 thượng nghị sĩ đảng Cộng hòa cần quay sang ủng hộ cùng đảng Dân chủ về một đạo luật từ lâu luôn gặp bế tắc.","Ở chiều ngược lại, hầu hết các nhà lập pháp đảng Cộng hòa không tin rằng quốc hội có bất kỳ vai trò nào trong việc giải quyết bạo lực súng đạn. Thượng nghị sĩ đảng Cộng hòa tại bang Alabama, ông Tommy Tuberville gọi bạo lực súng là một“ vấn đề của con người”, rằng các nhà lập pháp nên tập trung làm nhiều hơn nữa để tăng cường các chương trình sức khỏe tâm thần. Hạ nghị sĩ Cộng hòa theo quan điểm cực hữu tại bang Georgia, bà Marjorie Taylor Greene, cũng phản đối các nỗ lực siết chặt kiểm soát súng đạn.","Theo số liệu của Trung tâm Kiểm soát và phòng ngừa dịch bệnh (CDC) Mỹ, năm 2020, thời điểm đại dịch COVID-19 bắt đầu xuất hiện và bùng phát, kéo theo nhiều tác động tới toàn bộ đời sống chính trị, kinh tế và xã hội, trung bình mỗi ngày tại nước này có 124 người tử vong vì súng đạn. Trong khi đó, Cục Điều tra liên bang Mỹ (FBI) cho biết số vụ xả súng có chủ đích tại nước này trong năm 2021 đã tăng hơn 50% so với năm trước đó. Đáng chú ý, nước Mỹ đã chứng kiến số vụ xả súng hàng loạt tăng cao kỷ lục với 691 vụ trong năm 2021, trung bình một vụ có ít nhất 4 nạn nhân. Tổng số nạn nhân do bạo lực súng đạn ở Mỹ năm ngoái lên tới 44.750 người.","Theo trang lưu trữ trực tuyến chuyên theo dõi các vụ bạo lực súng đạn ở Mỹ có tên Gun Violence Archive, kể từ năm 2013, gần như tất cả các chỉ số về bạo lực súng đạn trong năm 2021 đều lập ""kỷ lục"". Hơn 2/3 thành phố đông dân nhất tại Mỹ đã phải chứng kiến nhiều vụ giết người hơn trong năm ngoái so với năm 2020, đáng kể như thành phố Philadelphia, bang Pennsylvania, có số vụ giết người cao nhất kể từ năm 1960; thành phố Chicago, bang Illinois, cũng ghi nhận năm 2021 là năm bạo lực nhất trong vòng 1/4 thế kỷ; thành phố Los Angeles, bang California, trong tình trạng bạo lực nghiêm trọng nhất trong 15 năm qua. Đáng chú ý, tội phạm hận thù nhằm vào người gốc Á đã tăng 339% trong năm 2021, trong đó Los Angeles và New York là các thành phố ghi nhận nhiều tội ác hận thù nhất so với bất kỳ thành phố nào của Mỹ","Giới chuyên gia chỉ ra rằng bất ổn xã hội, đặc biệt trong thời kỳ dịch bệnh, khiến hàng triệu người Mỹ lần đầu đã mua súng. Bà Cassandra Crifasi, Phó Giáo sư tại Trường Y tế cộng đồng Johns Hopkins Bloomberg, nhận định có sự phân biệt giữa vấn đề sức khỏe tâm thần và các vấn đề khác, khi càng ngày nhiều người thất vọng, tức giận và căm thù đã sử dụng súng để sát hại một nhóm cụ thể.","Trong khi đó, theo chuyên gia Jacquelyn Campbell, chuyên nghiên cứu về bạo lực gia đình và bạo lực đối với phụ nữ, sự gia tăng đáng báo động số lượng súng bán ra trong vài năm qua, một phần do đại dịch nhưng cũng một phần do nhà sản xuất súng và nhận thức về sự thiếu an toàn trong cộng đồng. Những người có vấn đề nghiêm trọng về sức khỏe tâm thần hoặc các vấn đề về kiểm soát cơn tức giận, hoặc thất vọng sâu sắc với cuộc sống của họ hoặc thế giới, có thể dẫn tới lựa chọn xả súng để giải quyết hay giải thoát vấn đề. Ngoài ra, nguyên nhân gia tăng các vụ xả súng gần đây còn liên quan đến những yếu tố như việc yêu cầu giấy phép mua súng và luật về quyền được mang theo vũ khí ở một số bang cho phép mọi người có quyền mang súng ngắn cất bên ngoài nhà mà không cần giấy phép hoặc có giấy phép do bang cấp","Đồng thời, một nguyên nhân quan trọng không kém là vấn đề phòng ngừa tại nhà theo luật ""Cờ đỏ"" (còn được gọi là lệnh bảo vệ rủi ro cao, cho phép một thành viên gia đình hoặc nhân viên thực thi pháp luật phát hiện các dấu hiệu cảnh báo để xin lệnh tòa tạm thời tịch thu súng của một người) đã được ban hành ở 19 bang và thủ đô Washington D.C, chưa tạo ra được sự khác biệt đáng kể. Thảm kịch mới nhất tại Uvalde cho thấy tầm quan trọng của việc bảo đảm quyền sở hữu và tiếp cận súng có trách nhiệm, trong đó gia đình thường là những người đầu tiên nhận thấy các vấn đề.","Trên thực tế, luật kiểm soát súng đạn của bang Texas không đủ mạnh để giám sát các lệnh cấm đối với quyền sở hữu súng của những người có tiền án trọng tội hoặc bị kết án bạo lực gia đình, hoặc các lệnh bảo vệ. Năm ngoái, Thống đốc bang Texas, ông Greg Abbott, một đảng viên Cộng hòa, đã ký đạo luật cho phép cư dân ở bang mang súng ngắn mà không cần phải xin giấy phép, điều này cho phép hầu hết mọi người trên 21 tuổi được mang súng ngắn. Người dân tại Texas từ 18 tuổi trở lên có thể mua hợp pháp một khẩu súng trường và đủ 21 tuổi để mua hợp pháp một khẩu súng ngắn từ một đại lý được cấp phép.","Khi tranh cử vào Nhà Trắng, ông Joe Biden cam kết sẽ thúc đẩy các biện pháp an toàn súng đạn và giảm hàng chục nghìn ca tử vong vì súng hằng năm tại Mỹ. Khi nhậm chức, ông đã quan tâm thúc đẩy thông qua các quy định mới nhằm tăng cường kiểm soát súng đạn. Mới nhất, ông chủ Nhà Trắng ngày 11/4 đã ra sắc lệnh hành pháp bổ sung nhiều biện pháp giảm thiểu tình trạng tội phạm súng đạn và làm cho cộng đồng an toàn hơn nhằm hướng tới các mục tiêu và thực hiện cam kết tranh cử. Đây cũng là một phần lý do mà Kế hoạch giải cứu nước Mỹ (ARP) được chính quyền và đảng Dân chủ thúc đẩy, trong đó cung cấp mức tài trợ lịch sử nhằm tăng cường lực lượng cảnh sát và đầu tư vào các chương trình can thiệp, ngăn chặn bạo lực dựa vào cộng đồng.","Theo đó, Bộ Tư pháp Mỹ (DOJ) công bố một loạt các hành động mới quan trọng nhằm ngăn chặn ""luồng súng"" được sử dụng để gây bạo lực và hỗ trợ thực thi pháp luật trong nỗ lực chống tội phạm súng đạn, trong đó có việc tập trung tấn công “Đường ống sắt” (Iron Pipeline) - ""luồng súng"" bất hợp pháp được mua bán ở miền Nam, vận chuyển tới các bang ở bờ Đông và được tìm thấy tại hiện trường tội phạm ở các thành phố từ Baltimore đến New York. DOJ cũng khởi động ""Sáng kiến quốc gia ngăn chặn súng ma"", truy nã và xét xử những kẻ bán súng bất hợp pháp. Đồng thời, Tổng thống Biden thúc đẩy các biện pháp can thiệp bạo lực cộng đồng dựa trên bằng chứng, trong đó thông qua đạo luật ""Xây dựng  lại tốt hơn"" (Build back better) đề xuất tài trợ 5 tỷ USD cho DOJ và CDC Mỹ để đầu tư vào các biện pháp can thiệp bạo lực cộng đồng. Tuy nhiên, ông Biden và các nghị sĩ đảng Dân chủ đã không giành được đủ phiếu tại quốc hội để thông qua luật yêu cầu kiểm tra lý lịch trước khi mua súng cũng như các đề xuất khác liên quan.","Cuộc bầu cử giữa kỳ tại Mỹ đang đến gần. Bên cạnh những ""bài toán"" quan trọng quyết định đến kết quả cuộc bầu cử như sự phục hồi của nền kinh tế sau đại dịch, chương trình tiêm vaccine ngừa COVID-19, xử lý chuỗi cung ứng..., thì ""căn bệnh trầm kha"" mang tên bạo lực súng đạn cũng trở thành thách thức, chi phối chính trường Mỹ. Có lẽ nước Mỹ phải lấp đầy được hố sâu chia rẽ trong vấn đề quản lý súng đạn nếu muốn đảm bảo an toàn cho mọi người dân.",,,,,,,,,,,,,,,,,,,,,,,,,,,,,,
18,https://baotintuc.vn//phan-tichnhan-dinh/my-tai-khang-dinh-chinh-sach-ngoai-giao-chau-a-20220525185359593.htm,Mỹ tái khẳng định chính sách ngoại giao châu Á,Tổng thống Mỹ Joe Biden đã kết thúc chuyến công du Đông Bắc Á kéo dài 5 ngày (20 - 24/5) đưa ông đến hai quốc gia đồng minh chủ chốt của Washington trong khu vực gồm Hàn Quốc và Nhật Bản.,https://cdnmedia.baotintuc.vn/Upload/YZmStSDTjb0M07hFJ2gA/files/2022/05/25/joe-biden-250522.jpg,"Đây là chuyến công du đầu tiên của người đứng đầu Nhà Trắng đến châu Á kể từ khi nhậm chức cách đây 16 tháng. Chuyến thăm lần này được xem là cơ hội để chính quyền của Tổng thống Biden tăng cường quan hệ với hai quốc gia đồng minh, củng cố liên minh Mỹ - Nhật - Hàn, thúc đẩy Khuôn khổ Kinh tế Ấn Độ Dương - Thái Bình Dương (IPEF) cho toàn khu vực, đồng thời đẩy mạnh hợp tác trong khuôn khổ nhóm Bộ Tứ (gồm Mỹ, Nhật Bản, Australia và Ấn Độ). Quan trọng hơn, chuyến thăm cũng được coi là cơ hội để Mỹ thúc đẩy vai trò và tầm ảnh hưởng trong khu vực.","Nhật Bản và Hàn Quốc có vị trí địa - chính trị quan trọng tại khu vực châu Á - Thái Bình Dương. Việc Tổng thống Biden lựa chọn hai nước là điểm đến trong chuyến công du chính thức châu Á đầu tiên cho thấy Washington tiếp tục xác định đây là hai đồng minh đặc biệt của nước này ở khu vực Đông Bắc Á. Dưới thời chính quyền tiền nhiệm của cựu Tổng thống Donald Trump, Washington đã nêu cao khẩu hiệu “Nước Mỹ trước tiên” và phần nào làm “sứt mẻ” quan hệ đồng minh. Tuy nhiên, sau khi ông Biden nhậm chức, Washington đã tái khẳng định quan điểm xây dựng hệ thống liên minh, đặc biệt ở khu vực châu Á - Thái Bình Dương, nơi đang chứng kiến sự cạnh tranh chiến lược và tranh giành ảnh hưởng giữa các cường quốc.","Đánh giá về chuyến thăm đầu tiên của Tổng thống Biden tới Đông Bắc Á, nhà nghiên cứu cao cấp Triệu Minh Hạo - chuyên gia đặc biệt của Diễn đàn Trung Quốc thuộc Đại học Thanh Hoa, cho rằng chuyến thăm là minh chứng về sự dịch chuyển trọng tâm chiến lược của Mỹ về phía Đông trong bối cảnh tình hình khu vực và thế giới có nhiều chuyển biến. Trong khi đó, chuyên gia Yuki Tatsumi thuộc tổ chức nghiên cứu Stimson Center nhận định chuyến công du của nhà lãnh đạo Mỹ phát đi thông điệp rằng cam kết đối với khu vực Ấn Độ Dương - Thái Bình Dương đóng vai trò quan trọng trong chính sách ngoại giao châu Á của Mỹ.","Tại Hàn Quốc, Tổng thống Biden đã có cuộc gặp thượng đỉnh với người đồng cấp nước chủ nhà Yoon Suk-yeol, trong đó hai bên nhất trí nâng cấp liên minh song phương trở thành “liên minh chiến lược toàn diện toàn cầu”, tăng cường hợp tác kinh tế và công nghệ nhằm xây dựng chuỗi cung ứng toàn cầu an toàn và linh hoạt, đồng thời mở rộng quy mô các cuộc tập trận quân sự chung. Tuyên bố chung Mỹ - Hàn được đánh giá là kết quả quan trọng đầu tiên của Tổng thống Biden trong chuyến công du châu Á, tạo động lực thúc đẩy quan hệ hai nước trong thời gian tới. Trong khi đó, tại hội đàm với Thủ tướng Nhật Bản Kishida Fumio, Tổng thống Biden cũng phát đi thông điệp về quan hệ đồng minh vững chắc với Tokyo. Ông nhất trí tăng cường hợp tác với Nhật Bản trong việc nghiên cứu và phát triển chất bán dẫn nhằm mở rộng năng lực sản xuất của mỗi nước và đảm bảo nguồn cung chip ổn định.","Đặc biệt, trong bối cảnh tình hình căng thẳng leo thang tại khu vực Đông Bắc Á, với gần 20 vụ phóng tên lửa của Triều Tiên kể từ đầu năm tới nay, với những mục tiêu an ninh chung, hợp tác chặt chẽ với Seoul và Tokyo cũng như củng cố liên minh Mỹ - Nhật - Hàn trước những động thái của Bình Nhưỡng tiếp tục đóng vai trò sống còn đối với Mỹ tại khu vực.","Tuy nhiên, liên minh quân sự ba bên Mỹ - Nhật - Hàn bị cho là đứng trước không ít thách thức khi mà giữa Nhật Bản với Hàn Quốc lâu nay tồn tại bất đồng liên quan đến các vấn đề lịch sử, trong đó có vấn đề về phụ nữ mua vui trong chiến tranh và tranh chấp về chủ quyền biển đảo. Chính quyền Tổng thống Biden hy vọng chính quyền mới của Hàn Quốc sẽ có những bước đi cụ thể trong việc cải thiện quan hệ với Nhật Bản và thúc đẩy hợp tác ba bên. Washington đã nhiều lần khẳng định với Seoul về sự cần thiết ba nước phải tăng cường liên minh, song cho đến nay Hàn Quốc dường như vẫn thể hiện thái độ miễn cưỡng trong việc chia sẻ các thông tin tình báo với Nhật Bản. Mặc dù vậy, theo các chuyên gia, chuyến thăm của nhà lãnh đạo Mỹ đến Hàn Quốc và Nhật Bản vẫn được đánh giá là đạt mục tiêu hàng đầu, đó là tái khẳng định quan điểm nhất quán của Washington về việc ba nước duy trì mối quan hệ đồng minh bền chặt, dù vẫn còn những bất đồng.","Khởi động sáng kiến IPEF do Mỹ dẫn đầu là mục tiêu quan trọng tiếp theo của Tổng thống Biden trong chuyến công du Đông Bắc Á lần này. IPEF đã được ông Biden đề xuất tại Hội nghị cấp cao Đông Á (EAS) vào tháng 10/2021, là sáng kiến nhằm thúc đẩy sự hợp tác với vai trò chủ chốt của Mỹ ở khu vực châu Á. Theo Nhà Trắng, khuôn khổ sẽ tập trung vào các vấn đề quan trọng như thương mại, chuỗi cung ứng, biến đổi khí hậu và chống tham nhũng. Nhà Trắng coi nỗ lực mới là một cách để giảm lạm phát trong nước trong dài hạn, điều mà Tổng thống Biden đã coi là ưu tiên hàng đầu.","Thông qua chuyến thăm đến Hàn Quốc và Nhật Bản, Tổng thống Mỹ Biden cũng tìm kiếm sự ủng hộ của các đồng minh và đối tác lâu đời trong nhóm Bộ Tứ (gồm Mỹ, Nhật Bản, Australia và Ấn Độ) trong việc ứng phó với các thách thức mới. Tại Hội nghị thượng đỉnh nhóm Bộ Tứ diễn ra ở thủ đô Tokyo của Nhật Bản, các nhà lãnh đạo đã nhất trí tăng cường hợp tác trong các lĩnh vực như ứng phó với dịch COVID-19 và an ninh y tế toàn cầu; phát triển cơ sở hạ tầng; biến đổi khí hậu; an ninh mạng; vũ trụ, các công nghệ cực kỳ quan trọng và mới nổi... Tuyên bố chung của hội nghị nhấn mạnh sự ủng hộ đối với các nguyên tắc được cho là cực kỳ quan trọng đối với hòa bình, ổn định và thịnh vượng của khu vực Ấn Độ Dương - Thái Bình Dương và cho cả thế giới, như nguyên tắc tự do, thượng tôn pháp luật, chủ quyền và sự toàn vẹn lãnh thổ, giải quyết hòa bình các tranh chấp mà không dùng sự đe dọa hoặc sử dụng vũ lực, bất cứ nỗ lực đơn phương nào nhằm thay đổi hiện trạng, tự do hàng hải và tự do hàng không.","Có thể thấy, chuyến công du của Tổng thống Joe Biden lần này đã thể hiện một đường lối đối ngoại tương đồng với định hướng của các tổng thống Mỹ tiền nhiệm, đó là tăng cường liên minh và xoay trục sang châu Á - Thái Bình Dương để củng cố và thúc đẩy các lợi ích lâu dài của Mỹ trong khu vực. Cựu quan chức Hội đồng An ninh quốc gia Mỹ (NSC) dưới thời chính quyền Tổng thống George W. Bush, ông Michael Green, nhận định chuyến công du của ông Biden có chương trình nghị sự không dễ dàng nhưng nhìn chung được đánh giá là khá thành công.",,,,,,,,,,,,,,,,,,,,,,,,,,,,,,,,,
19,https://baotintuc.vn//the-gioi/eu-chua-thong-nhat-ve-quan-diem-doi-voi-nga-truoc-them-hoi-nghi-thuong-dinh-20220525194037299.htm,EU chưa thống nhất về quan điểm đối với Nga trước thềm hội nghị thượng đỉnh,"Italy và Hungary đề xuất Liên minh châu Âu (EU) công khai kêu gọi ngừng bắn tại Ukraine và tiến hành các cuộc đàm phán hoà bình với Nga, trong khi nhiều thành viên khác giữ quan điểm cứng rắn với Moskva ngay trước thềm Hội nghị thượng đỉnh EU ngày 30 - 31/5 tới.",https://cdnmedia.baotintuc.vn/Upload/YZmStSDTjb0M07hFJ2gA/files/2022/05/25/EU-250522.jpg,"Tại một hội nghị các đại sứ EU vừa qua, Đại sứ của Italy đã đề nghị thay đổi nội dung dự thảo tuyên bố chung sau Hội nghị thượng đỉnh, trong đó đề nghị nhắc đến hòa đàm và coi ngừng bắn là một trong những mục tiêu hàng đầu của EU. Đề nghị này đã nhận được sự ủng hộ của Hungary và CH Cyprus, những nước không đồng tình với gói trừng phạt mới của EU nhằm vào Nga. Hungary phản đối kế hoạch cấm vận khí đốt, trong khi Cyprus lo ngại về kế hoạch cấm bán tài sản cho công dân Nga.","Trong một phát biểu tại Diễn đàn kinh tế thế giới (WEF) tại Davos (Thuỵ Sĩ), Chủ tịch Ủy ban châu Âu (EC), bà Ursula von der Leyen đã thể hiện quan điểm cứng rắn đối với Nga và không đề cập gì đến hòa đàm. Các nước Baltic và Ba Lan nằm trong số những nước ủng hộ mạnh mẽ nhất quan điểm cứng rắn trên. Latvia thậm chí kêu gọi tăng cường viện trợ quân sự cho Ukraine.","Tuần trước, Italy đã đề xuất một kế hoạch hòa bình, trong đó Liên hợp quốc (LHQ), EU và Tổ chức An ninh và hợp tác châu Âu (OSCE) đóng vai trò tạo điều kiện dàn xếp một lệnh ngừng bắn.","Trong một diễn biến liên quan, ngày 25/5, Bộ Quốc phòng Nga cho biết nước này đang liên lạc với LHQ, và Moskva ""không loại trừ khả năng tiến hành cuộc thảo luận toàn cầu về dỡ bỏ phong tỏa các cảng của Ukraine"".",,,,,,,,,,,,,,,,,,,,,,,,,,,,,,,,,,,,,,
